hidden_size,train,test,all,mean
4,0.960160805476,0.946172248804,0.960730241589,0.95568776529
